"","x"
"1",-38.8368951309268
"2",1.52455844332366
"3",0.436851346919896
"4",-16.3781456093064
"5",-8.88547570150299
"6",-21.4975994089778
"7",1.6064307268117
"8",24.5285869407991
"9",-34.8892575218868
"10",2.04881579025805
"11",27.1442186949107
"12",8.28305101564854
"13",2.60130347892085
"14",-9.43833755764566
"15",16.6485296975158
"16",12.8428702091195
"17",-13.6357160935783
"18",-1.76502518865928
"19",6.72057051065297
"20",36.4907131791382
"21",-37.6833912416366
"22",-0.122794721822688
"23",5.35960675506592
"24",30.2639331192259
"25",-6.43124722233329
"26",-5.39116550845942
"27",-5.39116550845156
"28",-3.07504275743706
"29",-7.93786906812055
"30",5.26837078660453
"31",-46.213584586798
"32",-8.88547570150069
"33",8.48376228358036
"34",17.5045896067984
"35",-0.624393086884657
"36",15.3618015882281
"37",-6.68503588186359
"38",-16.1391663478739
"39",6.64981629452198
"40",-3.23379678539939
"41",-49.2149516294399
"42",57.7435505368898
"43",22.2342405096489
"44",-23.0906065106306
"45",35.7472674519021
"46",-40.8390009188896
"47",30.4650746737392
"48",-17.6665269612235
"49",-10.9542402429212
"50",-4.66974912776298
"51",6.14855425883079
"52",-2.19903410537547
"53",1.53345611405921
"54",-6.61287175422681
"55",5.41379139318008
"56",-25.6518707480799
"57",-9.74240667740715
"58",-0.16046663797193
"59",-0.160466637931378
"60",4.09572176137038
"61",59.5149640753681
"62",-6.45240511626582
"63",-28.7211067838926
"64",-6.68503588185079
"65",13.2462134192871
"66",-6.3349086000458
"67",0.110435914460965
"68",10.1370472819777
"69",7.30186468157421
"70",-18.0044191048695
"71",-9.58075162248664
"72",-1.51209105424618
"73",-4.51182241135913
"74",-15.2619523674711
"75",19.1414391762266
"76",14.6955758208975
"77",10.3403075802382
"78",-33.0267724775038
"79",28.9829495694799
"80",5.84700069448518
"81",24.9043391308831
"82",2.37865213881401
"83",-23.6338502651483
"84",11.3604309024815
"85",-17.8794327232581
"86",-13.8133840991731
"87",-2.35058288338038
"88",-2.40210476701957
"89",24.8856239082648
"90",-13.4640209396328
"91",-13.4640209395331
"92",-37.4498328155899
"93",11.6023140333018
"94",-0.349363159583121
"95",-30.284717546614
"96",7.30186468157713
"97",4.79485436597808
"98",28.8756278788086
"99",-0.282353665033996
"100",9.11756925523781
"101",1.22058595991913
"102",8.23423627203317
"103",-14.4658466992383
"104",12.6829023616726
"105",-51.2053548630576
"106",-4.51981488244695
"107",-27.868128584637
"108",10.3803536935313
"109",-3.38540052688108
"110",-10.594221860426
"111",-9.29514566704024
"112",-29.3380829261566
"113",32.9098371125243
"114",4.22251985019927
"115",-16.8830308035874
"116",18.7470118988704
"117",35.4218511745066
"118",-0.0139853597116284
"119",34.643651005046
"120",-10.6686131643547
"121",-34.8906857740762
"122",-12.7569105063359
"123",-12.756910506401
"124",-8.41260173813253
"125",4.16832206294275
"126",12.7429251466065
"127",-47.3539066289192
"128",1.22058595994314
"129",-46.6966193654966
"130",41.4148877333368
"131",-0.220237936803957
"132",-28.7369764393945
"133",-2.13806620848188
"134",19.4299297544322
"135",-23.598504425372
"136",12.2233574646797
"137",18.5061136007565
"138",-10.8905133955972
"139",24.3742255797304
"140",10.6611945591405
"141",-14.3758341971805
"142",-14.768769037689
"143",17.1171062579469
"144",32.908797040003
"145",-0.75835119979842
"146",-4.01607460945541
"147",-0.913669405025186
"148",10.7692559347231
"149",-15.019000450734
"150",0.184868153721041
"151",-31.0168259520231
"152",-1.68640140615653
"153",18.4292948257733
"154",-5.34739809530872
"155",-5.34739809533094
"156",-10.9930001285292
"157",-5.02060906814388
"158",5.5322662490292
"159",10.0921454838112
"160",-2.13806620853868
"161",-11.2164533985096
"162",-3.58566912950064
"163",0.106781654745244
"164",2.56426727633887
"165",-0.704324387952032
"166",3.753054069794
"167",0.409902003681579
"168",-0.754529277427614
"169",-2.6097649452469
"170",-2.32617820707953
"171",-2.27747153446701
"172",2.5747846856281
"173",6.48565060456173
"174",-7.38062151481729
"175",22.2250937256913
"176",-0.207688982809507
"177",9.75088718908044
"178",8.78120451032208
"179",17.5862023473389
"180",12.3145437128076
"181",0.610762698759048
"182",4.48674083628336
"183",4.63712613991165
"184",2.33158525496948
"185",2.25708997021526
"186",2.82278571847121
"187",2.82278571846605
"188",3.43339454648787
"189",4.81894176885266
"190",1.66395511779534
"191",10.5830021170834
"192",-0.704324387952806
"193",-26.8228188608398
"194",-18.472042569256
"195",0.116140611585523
"196",-6.67453951646609
"197",29.5130742764108
"198",-17.9954865073634
"199",12.5618410481531
"200",6.38094283600706
"201",-7.29025670043218
"202",0.392047195277806
"203",9.0331766320916
"204",18.1317745624856
"205",9.42634292392313
"206",-12.6636124523255
"207",-1.0614812226765
"208",1.76301793332736
"209",-2.83796394232689
"210",-23.455637126081
"211",1.14172853547729
"212",-7.06823386800122
"213",-20.267669669856
"214",-5.41961279716022
"215",16.3948247032017
"216",-3.32639641256918
"217",-6.78842660953429
"218",11.091120166105
"219",11.0911201660494
"220",10.4579452368763
"221",-1.8081501137377
"222",-16.5107329632309
"223",-17.655717528072
"224",29.5130742762725
"225",73.7274245523781
"226",71.5447818327017
"227",-1.43469107975989
"228",21.0136794984932
"229",31.4808256686196
"230",-20.6267668463033
"231",19.1003009726063
"232",-46.336660381891
"233",29.0482629759593
"234",-9.94128922825993
"235",3.6689809235316
"236",-56.9659141857036
"237",6.23705340581679
"238",14.2337369750386
"239",-7.21518440656777
"240",32.1062871564961
"241",1.60400663623664
"242",-2.82229986557383
"243",6.80020659567609
"244",28.5922435428271
"245",-67.1597878832229
"246",-0.225171658693923
"247",65.3635583216291
"248",-36.3301468720333
"249",-39.1547744299605
"250",-4.98105629534817
"251",-4.98105629529283
"252",37.9087000288905
"253",-57.2537535535031
"254",4.75588463664061
"255",-42.2077061773603
"256",31.4808256688026
"257",0.274405322442832
"258",-2.48474798446684
"259",-0.118781637327947
"260",19.6668160234341
"261",-13.8447955737735
"262",-10.1264949266278
"263",14.5185722037528
"264",18.4555287001238
"265",27.861927076091
"266",9.83552191264723
"267",-0.201062097628274
"268",5.50352649473443
"269",2.92889548583752
"270",-26.4757379888171
"271",20.3240645411936
"272",7.54914244280847
"273",0.440310209742404
"274",-30.4696224645124
"275",-19.849181817416
"276",0.0378859735123997
"277",6.57512183608767
"278",-15.3291037096893
"279",-19.985049830358
"280",1.11086735972174
"281",8.33927574149587
"282",-0.675194881558074
"283",-0.67519488155952
"284",20.838824149015
"285",9.30295522428903
"286",-14.6539088280412
"287",17.1234302959398
"288",-13.8447955737058
"289",20.9908511279742
"290",109.652752139356
"291",-2.5815436361949
"292",-25.3227942876275
"293",2.54635835589741
"294",25.3859497733875
"295",-13.7398263704366
"296",37.3569219614445
"297",30.129535751248
"298",-17.4239779764996
"299",-69.4269572103471
"300",-26.412773993524
"301",-4.9853849699139
"302",32.6606580671279
"303",19.6704496399888
"304",-6.24119710907273
"305",-28.306935478757
"306",27.0450526049678
"307",-19.1169308460446
"308",48.4059662489464
"309",32.5703741453826
"310",21.205572125829
"311",-66.0001270570683
"312",-36.0048757682993
"313",1.69171298324312
"314",20.3635510783199
"315",20.3635510783825
"316",5.26792480480011
"317",-41.8419680353133
"318",0.842021047615758
"319",24.9839597892206
"320",2.54635835591816
"321",69.2265808261734
"322",128.225547331992
"323",-3.51055238177311
"324",45.4130147911302
"325",-72.5250625481187
"326",22.905545986895
"327",-76.803918104463
"328",6.91470140556086
"329",-74.4232800682624
"330",87.2836901572543
"331",-2.48170652006344
"332",24.7092358494088
"333",61.7097094292927
"334",-17.0522071115534
"335",-8.61778362459161
"336",24.4176558362782
"337",-31.8570828147581
"338",-45.9401470836315
"339",-42.9181520913936
"340",121.954592808087
"341",-19.0194011606646
"342",-3.99571328218023
"343",0.320838439210271
"344",-1.5856798562216
"345",45.5278709729751
"346",23.3809908399067
"347",23.3809908397457
"348",16.1002366520212
"349",40.208601748375
"350",-27.3767041218248
"351",-62.2688732629652
"352",-72.5250625474559
"353",-52.0054759382216
"354",-35.7873009576944
"355",0.621333832490509
"356",-18.1846587478644
"357",4.3125080486943
"358",40.6384470626949
"359",-34.0028786749634
"360",18.4634198859839
"361",22.0460342229191
"362",-9.69426957587059
"363",30.5457099788722
"364",21.6493092620625
"365",-27.3161951030341
"366",-26.6896565611521
"367",-10.5155587386005
"368",14.0526569979589
"369",20.8404045741226
"370",-8.4060536126934
"371",12.3974970366675
"372",-16.4677219232812
"373",-3.03610110555232
"374",-0.0139204057575395
"375",-30.6085921318525
"376",-21.7120344787213
"377",18.9594519086637
"378",-7.86623701172331
"379",-7.86623701172216
"380",0.1926719955903
"381",0.193413770169693
"382",7.85231660599074
"383",32.230588684553
"384",4.31250804863108
"385",-72.818386129784
"386",-10.5071748369922
"387",0.532191422177465
"388",-15.6478009470931
"389",14.3224509755366
"390",24.4728665609213
"391",-23.0253029168022
"392",5.60158721472956
"393",-28.3296553113733
"394",15.8365320494482
"395",-2.89471579195308
"396",20.3532009344162
"397",-0.626732935652243
"398",4.35235643988244
"399",13.0196133320201
"400",-6.48942006876876
"401",5.46718460495142
"402",0.768037795944077
"403",-12.4063360716724
"404",-38.2039728308682
"405",3.06695966909243
"406",14.8305658707756
"407",1.50853043256223
"408",27.5732744301577
"409",7.18055182415531
"410",16.5152504265366
"411",16.5152504263682
"412",9.44756025606419
"413",-0.454489058483897
"414",-1.68468455575258
"415",10.0756791127823
"416",14.3224509755307
"417",-17.3926467114848
"418",-14.4660100163655
"419",0.534937553834273
"420",17.7222653121537
"421",-27.073422542028
"422",3.60514701537219
"423",1.76823006891068
"424",-4.25175949047596
"425",19.356660640547
"426",-15.1716114257913
"427",25.505934870837
"428",-0.0356575421885605
"429",-34.348892174584
"430",17.7325569871353
"431",-0.0154424135413119
"432",6.24720438668084
"433",-9.96088753447259
"434",22.0425540948518
"435",4.93207940353598
"436",-3.90450769899037
"437",-17.6157703031675
"438",19.5642935397057
"439",-26.1078767621197
"440",20.5126230985195
"441",20.8185686830631
"442",3.4824105862474
"443",3.48241058626135
"444",-6.61029349825069
"445",-26.4587276072355
"446",16.0818829535409
"447",31.565322851536
"448",-27.0734225421748
"449",-0.866802049900743
"450",-2.07371946625312
"451",0.0775242251927647
"452",-8.57382644443722
"453",4.29409740320375
"454",0.0947759210257264
"455",-5.65497222831351
"456",-0.631474996221148
"457",10.6347090279408
"458",-12.8713630462321
"459",-5.32636910705514
"460",-1.79135769842924
"461",3.72432004637467
"462",0.097992302642893
"463",3.88800796935533
"464",9.88809775221939
"465",-1.85011367298295
"466",5.80996001192988
"467",-0.663722794900921
"468",-8.39710393090173
"469",-3.57995150779844
"470",-2.68375368117997
"471",2.47981039454997
"472",-3.11916081100423
"473",7.34214460247415
"474",-2.7908682320297
"475",-2.79086823201985
"476",-3.07207230113937
"477",-5.182000568437
"478",0.107114550870475
"479",-3.77824801215417
"480",4.29409740318952
"481",8.7693066522411
"482",4.34136432730678
"483",-0.346529360275744
"484",26.5379753447692
"485",-2.6756817199749
"486",-16.4656112839138
"487",0.270631788899148
"488",-37.2931988043941
"489",15.9442099636461
"490",-3.88517389017795
"491",-2.43716122979212
"492",-5.3898356804363
"493",7.09366681126454
"494",6.44840049637941
"495",7.97385345940812
"496",0.561025100669228
"497",16.2006818448166
"498",5.9273278438859
"499",-18.4102310332486
"500",-17.9330621824893
"501",0.726856694075268
"502",-0.218349747247315
"503",17.0229866299557
"504",14.2321234352953
"505",28.7915077317885
"506",-1.25646705434429
"507",-1.25646705433976
"508",-8.42952584804793
"509",5.38336227552234
"510",1.03811730710314
"511",-3.59845125809807
"512",-2.67568171995847
"513",57.5185189024691
"514",49.7152236408647
"515",-1.46313530400215
"516",3.66465613963377
"517",-15.8802086520958
"518",-6.99107189653445
"519",-10.6220926905954
"520",-16.5805436550735
"521",20.4058488943632
"522",12.4443990303679
"523",8.00586711032035
"524",22.5851794669759
"525",34.2550243285803
"526",11.3000325444579
"527",37.6900070610852
"528",-5.3239237134801
"529",-21.2804651091792
"530",-2.37591395003252
"531",71.2687347629151
"532",-82.548675324421
"533",-9.89826846212731
"534",-12.8707184656031
"535",-37.2507793948147
"536",-51.0373441407533
"537",70.6726780285423
"538",-3.32808282526012
"539",-3.32808282525517
"540",-33.8517935907132
"541",32.3626229768731
"542",-9.54263564046035
"543",35.4463488548258
"544",-15.8802086520869
"545",25.1429044029666
"546",-22.8436894705243
"547",0.194069081461311
"548",-2.48232589889881
"549",-7.1984241099868
"550",-9.96688724183292
"551",4.17456475741822
"552",-10.5612864546867
"553",-10.6494723402
"554",13.9918026526258
"555",-36.1484211549605
"556",4.53662944154463
"557",7.23565215283845
"558",5.30840878566506
"559",25.5815162892711
"560",26.4908028335499
"561",33.2635446988494
"562",-22.1915202965608
"563",-38.5795036219306
"564",-9.70699965094658
"565",26.151690901806
"566",-3.36988086949024
"567",2.35325039796578
"568",36.2035254020242
"569",-8.52023805821778
"570",5.42621618604166
"571",5.426216185998
"572",-8.23558661379226
"573",-2.76107810043986
"574",-8.7960970555406
"575",-20.1048830268527
"576",-7.198424109948
"577",18.2514131606123
"578",0.217939078844109
"579",-0.0357342890775715
"580",-3.98535570963624
"581",-7.94358488300034
"582",-3.57804980640259
"583",-1.28591096923005
"584",-2.5556968109543
"585",-7.37385257214043
"586",-7.99694012829688
"587",-2.84786078702822
"588",-2.03993460459774
"589",0.530529120345896
"590",8.14684365477342
"591",-22.027730815604
"592",3.12346730940908
"593",-10.0354175249813
"594",8.65151577658051
"595",21.9640806662548
"596",-7.37637173040461
"597",-6.31803687617921
"598",12.6757898494281
"599",16.6071622248044
"600",2.4410871553736
"601",-3.89525075275905
"602",0.826094867269304
"603",0.8260948672664
"604",11.356462562895
"605",-8.63536854286335
"606",11.8496949821608
"607",-13.6231723039024
"608",-7.94358488296767
"609",-127.868370579669
"610",-92.7407548139927
"611",2.45044280251735
"612",116.361835617196
"613",-66.2302138110909
"614",-23.0489151165724
"615",44.2419064999423
"616",-7.33365538648441
"617",51.0058109125201
"618",-39.0810151122847
"619",64.041928258304
"620",31.647535487351
"621",-21.5679588691704
"622",-75.9177982853121
"623",-44.2500835468949
"624",26.9530005192663
"625",-18.5551215667908
"626",-27.8350708548608
"627",9.94982925520452
"628",31.8080266886871
"629",-25.4679408814551
"630",-2.34600120546318
"631",-24.3708455809781
"632",-86.1517367643762
"633",-5.45573095006551
"634",8.49319595633214
"635",8.4931959563226
"636",-22.1257063723451
"637",17.006028507546
"638",-10.8391971618464
"639",36.9302518160521
"640",-66.2302138116776
"641",-120.984194654944
"642",-53.7835319205991
"643",1.69430808689856
"644",-23.9771576005878
"645",-14.604855511874
"646",-14.2717323551115
"647",-32.8189352463103
"648",12.8817375824966
"649",-22.2178994007234
"650",-6.68385132082978
"651",-23.1440946254276
"652",51.724730387024
"653",15.4794386323853
"654",-21.2717018483304
"655",23.8907325679884
"656",11.1180601915407
"657",21.2133041601088
"658",-18.282686680284
"659",25.1519676807657
"660",-4.01113874725441
"661",-1.70754346332981
"662",29.049275339469
"663",-7.52277089464722
"664",11.8365915163024
"665",51.6309605869508
"666",-16.1768413032986
"667",-16.1768413034342
"668",5.50649130583178
"669",-9.3721994564027
"670",45.2261166430681
"671",-42.5503746163222
"672",-14.6048555118784
"673",10.2616223477012
"674",-37.0042773699179
"675",0.00719203827797556
"676",-0.725806391373536
"677",11.0460679044859
"678",-8.68064470705063
"679",35.2499694571298
"680",33.2571660042916
"681",-5.43236571053255
"682",-13.7451732981343
"683",-18.1392407809394
"684",17.9899914815551
"685",-27.4510877304742
"686",-5.55930821546446
"687",9.38098793888696
"688",-3.47531457154981
"689",-0.603119187832648
"690",-40.3175478272071
"691",-10.5548636237088
"692",49.2636864457649
"693",4.11454664373963
"694",-0.000473594792536948
"695",-25.6169921087034
"696",-50.1335794000136
"697",-68.0744201038858
"698",-6.93345073193875
"699",-6.93345073184885
"700",-11.5378387077011
"701",-41.4757818677533
"702",6.93297713704986
"703",-14.9357706040388
"704",11.0460679045086
"705",-16.5630240294622
"706",8.64756452113438
"707",0.112647753317021
"708",-12.9531873919678
"709",-4.11458032997449
"710",17.67624859034
"711",-21.4883111338623
"712",-10.6235680958793
"713",-1.89718034995202
"714",3.44999250554269
"715",15.2193617150988
"716",11.9301086109624
"717",-7.84732170254699
"718",15.377056143895
"719",-11.4556502713983
"720",-0.516989883512179
"721",-6.76643073998874
"722",-1.38230752102687
"723",3.28375630439233
"724",-5.57695931261897
"725",6.92550384295212
"726",-0.00753024323344308
"727",10.7739572298774
"728",20.5218378362102
"729",15.9126757890478
"730",1.45874405487404
"731",1.45874405488366
"732",1.69567104634259
"733",14.2975438555068
"734",-1.46627429813118
"735",8.28855070191604
"736",-4.114580329986
"737",-44.6893261096264
"738",0.603579091768852
"739",0.349105702767771
"740",-27.5697807450694
"741",13.2660735578999
"742",11.3274930794461
"743",-15.8632141307664
"744",-4.0009014280204
"745",-30.9845361320171
"746",-16.5256736628778
"747",29.2730058869351
"748",35.8569914817755
"749",-27.2226219727857
"750",14.3415093753222
"751",-33.9256389419181
"752",11.1506875342125
"753",-4.18676076500979
"754",-18.6029242512925
"755",19.6845582702249
"756",9.63032518828804
"757",-20.0423432905388
"758",6.22406957989467
"759",48.0986781950276
"760",11.0267710929641
"761",-25.7204215128749
"762",-4.58030150216956
"763",-4.58030150216305
"764",2.81163655220449
"765",-17.9919593764889
"766",10.8043710820773
"767",-34.7918636157394
"768",13.2660735577958
"769",121.749596037392
"770",79.4115070618857
"771",-0.854344011299098
"772",-53.6275072444662
"773",-6.77921371428723
"774",-36.9307169963405
"775",2.08678867924474
"776",-30.893950412402
"777",26.9511586930098
"778",-27.4426503814118
"779",29.151624570669
"780",-11.3924568778576
"781",-51.2708918581301
"782",25.208047084278
"783",4.25790654279301
"784",41.2518502993144
"785",56.0119392083936
"786",20.3872189236686
"787",58.760181392551
"788",-18.7849831435473
"789",-21.0655711898349
"790",-0.00214646816152153
"791",-5.87588256071991
"792",34.5653381668519
"793",43.3471986748906
"794",-68.0277589321377
"795",-68.0277589324222
"796",-37.2634711292911
"797",-43.1848384766435
"798",68.0256124639243
"799",-26.3406579592436
"800",-6.77921371427114
"801",-0.278082649419234
"802",-0.718570606897427
"803",0.0110371417341125
"804",-0.372649725325202
"805",-1.01562879319124
"806",0.116035016734415
"807",-0.497861120828292
"808",1.42734623402415
"809",1.37741309338974
"810",-2.33784996104802
"811",0.97956032650539
"812",0.875818156275818
"813",-1.45945750304796
"814",0.0677092420110858
"815",1.13964706008066
"816",2.45093149473405
"817",1.99225257696352
"818",0.422113475189833
"819",0.243489369066051
"820",-0.439458041102714
"821",1.04275170906915
"822",-3.24114420743362
"823",0.568043417129338
"824",1.31873287883185
"825",0.719320867087642
"826",-0.1205812235554
"827",-0.12058122355567
"828",-2.20619142423881
"829",0.562854531966533
"830",-3.12056298364957
"831",-0.0443313398989482
"832",-1.01562879319192
"833",-46.2615574636433
"834",-73.7573625991466
"835",0.973975703250849
"836",32.8298238243493
"837",-34.8834866507119
"838",25.5194446961565
"839",-1.13420164311976
"840",-31.7159237242151
"841",-40.6166894497862
"842",8.91190579099384
"843",18.877497134239
"844",5.77132632733096
"845",-37.5383759315921
"846",-6.00415367552514
"847",25.0256281893717
"848",19.5627881758127
"849",-3.45164752101421
"850",12.0137884406635
"851",-39.8400915926432
"852",-3.42236674419803
"853",24.6576124867772
"854",9.71872363331589e-05
"855",25.4340041237268
"856",-7.55861852150353
"857",-38.3049119438654
"858",-14.214121174044
"859",-14.214121174036
"860",-37.98660607209
"861",5.99673368927781
"862",14.2142183613116
"863",10.4655741621597
"864",-34.883486650842
"865",19.9900311586752
"866",-43.4388558468269
"867",0.154126115273073
"868",-0.00872367037923244
"869",16.8255068130699
"870",17.9425064380386
"871",-1.34082403045643
"872",11.344500174422
"873",-29.5054673162426
"874",10.6415616492561
"875",-25.4391810405665
"876",24.6561446187448
"877",-9.1888020167698
"878",-24.2993461753486
"879",4.12376402177123
"880",15.0202846936196
"881",8.49960504418241
"882",1.43299058198845
"883",-30.8187056258446
"884",-29.3053284408888
"885",16.2296062383266
"886",0.00761099989037269
"887",23.1797642348297
"888",3.99047920703136
"889",-9.37645287401034
"890",0.491456016328444
"891",0.491456016330531
"892",15.6679697419487
"893",-18.3983768189622
"894",-0.483845016444661
"895",23.8269119413149
"896",16.8255068130216
"897",-21.0982977166236
"898",5.6609986123723
"899",-0.248932023628349
"900",0.269849902344888
"901",8.43586843154977
"902",14.7964268543596
"903",-0.534653246041204
"904",27.5430842116538
"905",-15.3899214442523
"906",8.66222745101338
"907",-46.6090094375503
"908",-9.31638208782267
"909",38.7194217565596
"910",-19.2625598973432
"911",-28.3060301127328
"912",-3.9179385180565
"913",10.639103920865
"914",27.5783002522404
"915",10.0268396627458
"916",10.6181949862077
"917",-22.1622299483698
"918",1.15467784761441
"919",-12.7162571852539
"920",-8.26452585519632
"921",-2.72754943716883
"922",-15.8288356518555
"923",-15.8288356517864
"924",9.25381088077344
"925",-30.0518176294609
"926",16.9835134993534
"927",25.7959977792458
"928",8.43586843155956
"929",12.7136762686642
"930",25.0121499095349
"931",-0.689443607904296
"932",3.48528189469466
"933",3.25396312202973
"934",12.0648334613942
"935",-23.1464297961562
"936",6.55553230360854
"937",-5.4710431904641
"938",-7.57455753936071
"939",16.0161025570784
"940",4.42199393295052
"941",-0.0689147304782471
"942",5.27887772405732
"943",-0.326680928591853
"944",-28.9441946653974
"945",-15.5113903359311
"946",6.12589539230987
"947",11.7543255929889
"948",1.87761634621813
"949",-15.9159560025949
"950",15.6961060024471
"951",12.2121539968306
"952",-3.95924429292497
"953",8.58388493027022
"954",5.35679820526352
"955",5.35679820526205
"956",21.4181915730274
"957",0.0312318240385212
"958",10.3393077971643
"959",-13.5793077395638
"960",3.25396312202709
"961",-25.5223413884005
"962",-57.1186069718609
"963",1.2445629136903
"964",37.2718982660373
"965",-0.875107336486191
"966",-15.627453567988
"967",24.2319130599153
"968",-26.1540605571669
"969",3.60652229172209
"970",-11.4785252427955
"971",-13.8923867967652
"972",0.895386337773413
"973",28.6033972425443
"974",-45.4125258588005
"975",6.42156616054504
"976",23.4300489430006
"977",-8.03091047826263
"978",-14.8901938808232
"979",-23.7655897254908
"980",-3.85574687781542
"981",-5.21179535433848
"982",0.776288457435343
"983",43.9861262082574
"984",-30.3901704206803
"985",-30.4712699862067
"986",-1.4642429946288
"987",-1.46424299462045
"988",10.7363511572784
"989",9.49921509143484
"990",2.24053145208076
"991",-13.2623510020112
"992",-0.875107336485941
"993",-8.44558308413406
"994",1.06255401829896
"995",0.0256327585748579
"996",-2.5841173991211
"997",0.60501239683106
"998",-3.36645815001302
"999",2.14974818649036
"1000",-0.181917683944059
"1001",5.31205076220417
"1002",-0.470962289555581
"1003",4.94858849126641
"1004",-6.68548345485282
"1005",0.499986040757861
"1006",0.523181234183926
"1007",-6.13953432352169
"1008",-2.46979991590524
"1009",-8.76282398067851
"1010",0.0729405800579501
"1011",-4.52285250725023
"1012",-4.84460418361139
"1013",-1.21931682905678
"1014",-3.76507610174392
"1015",-1.16936525417789
"1016",-1.02717596139855
"1017",-0.554744438561019
"1018",-3.64345976664832
"1019",-3.64345976665342
"1020",-0.2752705671948
"1021",4.22925770338479
"1022",-0.121616335011327
"1023",-2.98816436563973
"1024",0.605012396825442
"1025",22.8018238249759
"1026",90.9635096777722
"1027",-2.01463698353757
"1028",25.9705640732516
"1029",-3.23509589125588
"1030",7.3981868186042
"1031",18.124716248317
"1032",12.2317234691726
"1033",39.7354704638573
"1034",-30.9976651292813
"1035",-41.2088920559432
"1036",-11.7428548482637
"1037",-18.8782133587274
"1038",10.5636437984175
"1039",3.94237246651146
"1040",24.0305293783963
"1041",3.43912187896835
"1042",-7.49581548678688
"1043",-52.8442783424297
"1044",9.7015512089453
"1045",24.0126164758326
"1046",-32.1090974421054
"1047",19.318073411984
"1048",-8.91097888990769
"1049",-36.0237680674657
"1050",1.37777844708651
"1051",1.37777844707588
"1052",8.17850477382339
"1053",-36.0744889388687
"1054",-33.4868758892152
"1055",15.0220380664562
"1056",-3.23509589127904
"1057",-311.481420105772
"1058",-216.855014338692
"1059",3.44317482576594
"1060",117.08296433938
"1061",43.6007524255465
"1062",-21.1537230978075
"1063",-35.5968194555231
"1064",33.6548875914675
"1065",-240.242090054275
"1066",5.84619921274502
"1067",-95.5382344990404
"1068",106.234564434246
"1069",17.2523630708608
"1070",-39.1129750594846
"1071",29.786910937772
"1072",14.8342123638943
"1073",65.8367335998157
"1074",-5.40132622815904
"1075",-118.755504597689
"1076",-71.3864152543672
"1077",67.7349469532997
"1078",0.0125435216776092
"1079",125.301570305581
"1080",-103.680795726963
"1081",-76.8121100811529
"1082",159.521460708027
"1083",159.521460708109
"1084",-75.4268894221221
"1085",-10.5509244748233
"1086",-159.508917185637
"1087",-190.313195189274
"1088",43.6007524251274
"1089",-5.49449790902563
"1090",-3.94550832553246
"1091",-0.0623757143871849
"1092",-8.7943719841653
"1093",0.210757111978024
"1094",9.38280637745649
"1095",0.389529073567997
"1096",0.214653304487005
"1097",2.73426901097707
"1098",-0.363555146734993
"1099",-8.38348790338254
"1100",1.32498922009048
"1101",3.49844267204467
"1102",9.02207405257163
"1103",1.77845992184179
"1104",5.33044938518722
"1105",-10.3540149449102
"1106",-0.119314025421298
"1107",7.99525036199033
"1108",-3.48238850621164
"1109",-3.59197868510107
"1110",-0.000617604626038253
"1111",-6.7913295497766
"1112",-8.23999733080149
"1113",-6.19594639206104
"1114",-2.49407965105163
"1115",-2.49407965105556
"1116",-4.20657998563899
"1117",-8.47702391642421
"1118",2.49346204642285
"1119",13.3487245099691
"1120",0.210757111976733
"1121",18.6805146449313
"1122",38.7559257923424
"1123",-0.826653763982382
"1124",6.482421565199
"1125",-28.8281974590833
"1126",40.5200564372716
"1127",-31.3034054388479
"1128",-33.7460485111249
"1129",-6.39804047060822
"1130",-26.4806704417916
"1131",4.08319797755322
"1132",48.5968899575163
"1133",-7.27663573217991
"1134",34.0228301490977
"1135",-56.2565045702809
"1136",-25.083286074827
"1137",23.779240451009
"1138",-24.8289569224189
"1139",18.1132185000346
"1140",-20.8623344051346
"1141",37.5405487204048
"1142",18.9791491791566
"1143",28.9199810696481
"1144",32.5800886604369
"1145",-18.3274288760784
"1146",6.17397981372691
"1147",6.17397981370863
"1148",-18.7256291749291
"1149",34.3471109656518
"1150",12.8051693654682
"1151",0.10587312101293
"1152",-28.8281974593299
"1153",36.8095513388903
"1154",-0.581972720366878
"1155",-0.128717286192702
"1156",0.819430263239625
"1157",-5.63949537144864
"1158",-0.222904515286398
"1159",-3.3942141878017
"1160",7.6211589497339
"1161",-4.61022725186354
"1162",-1.40950584413043
"1163",-3.45351158174273
"1164",5.74661308223619
"1165",1.85103082496784
"1166",0.484257097922601
"1167",3.22938090288936
"1168",-5.19573627838061
"1169",1.07783794129222
"1170",-2.02168318092635
"1171",2.43918663123645
"1172",-6.73922441440973
"1173",5.46871678053709
"1174",-5.30252270501187
"1175",-1.89781381578487
"1176",-2.92770219457895
"1177",1.32231550830883
"1178",-3.3466720201663
"1179",-3.34667202016637
"1180",-5.59891066705508
"1181",3.86623602365719
"1182",-1.95585068488203
"1183",-5.91192189784294
"1184",-5.63949537140103
"1185",-24.8856350051106
"1186",-13.2429927961817
"1187",-0.104802300638157
"1188",0.409513471623206
"1189",-0.44696494045274
"1190",-1.63981669873399
"1191",20.2581961464123
"1192",20.3215782385815
"1193",10.6690383140628
"1194",5.23396303626532
"1195",7.83036273641548
"1196",2.25675990111289
"1197",3.29417030826096
"1198",-21.5628938751612
"1199",-14.28090296834
"1200",-0.630710100269872
"1201",0.572656388267284
"1202",0.485181658485764
"1203",14.5831194435844
"1204",11.5858198666618
"1205",-23.817233730664
"1206",-0.0193291689177344
"1207",-35.100588048035
"1208",-0.306572339074307
"1209",0.0265634622902626
"1210",-14.6215070606362
"1211",-14.6215070606589
"1212",1.10466237208389
"1213",-12.6927006860607
"1214",14.6021778917515
"1215",37.2633223574202
"1216",-0.446964940453206
"1217",-45.1487712635571
"1218",-71.6526361851179
"1219",1.92269357350147
"1220",-22.481510522577
"1221",-9.52428628449792
"1222",22.8550623817525
"1223",-5.18316623062031
"1224",16.8832599317176
"1225",16.6766239825128
"1226",-40.432419076786
"1227",-1.5915393104221
"1228",7.07924713385492
"1229",14.4997790600379
"1230",-9.28965616739033
"1231",-0.455118189446094
"1232",6.39202868296808
"1233",15.7998248997661
"1234",9.66791904724548
"1235",29.425516598694
"1236",-45.3467269442958
"1237",-3.64403669418337
"1238",1.99035129510502
"1239",-3.32164287583115
"1240",25.3588618975776
"1241",-24.6805250641722
"1242",-6.76561000926378
"1243",-6.7656100092968
"1244",-8.20382674310027
"1245",9.26420305531186
"1246",8.75596130440852
"1247",10.6632672380556
"1248",-9.52428628451256
"1249",89.8419355663758
"1250",-12.9816104792189
"1251",-0.380610097672764
"1252",3.84737517492832
"1253",-21.9224024722454
"1254",-28.5130793397084
"1255",4.9155793255791
"1256",-0.73493890080589
"1257",-16.9562334719755
"1258",28.3799036859834
"1259",-18.6074127115549
"1260",-23.197600595849
"1261",52.4772416452793
"1262",-15.3314743788361
"1263",37.0419479899752
"1264",32.0895698111885
"1265",-2.94122491923355
"1266",10.696593257041
"1267",2.62491569997854
"1268",-40.4743338626569
"1269",-5.24585507209314
"1270",-1.30446212511328
"1271",3.1767290828654
"1272",36.022811490804
"1273",22.520162889144
"1274",25.2676409706414
"1275",25.2676409706966
"1276",12.560998271002
"1277",28.6239738617238
"1278",-26.5721030959046
"1279",-24.6748371387875
"1280",-21.9224024722183
"1281",15.164049727837
"1282",22.9906506045826
"1283",-0.66753714241318
"1284",14.997524698649
"1285",12.6371335399397
"1286",29.9788852401198
"1287",-4.55622449006845
"1288",-36.5947921425132
"1289",11.1169112647366
"1290",0.0783164309097239
"1291",-27.2524600988698
"1292",-21.1786532237745
"1293",72.3716906104637
"1294",35.3318786213169
"1295",-31.5870107313618
"1296",-3.70521443395343
"1297",1.66486395871972
"1298",11.4489558065853
"1299",43.1114897910601
"1300",-64.1554822293155
"1301",-72.8656412991859
"1302",18.466144919694
"1303",10.701800052612
"1304",0.852283680644627
"1305",-23.9571304714257
"1306",13.3862644155228
"1307",13.3862644154433
"1308",3.76838052562521
"1309",-27.7464107876223
"1310",5.07988050412063
"1311",26.8881910284971
"1312",12.6371335399603
"1313",24.3793830725496
"1314",-18.8963118072103
"1315",0.213966237527541
"1316",-12.7824804037446
"1317",-2.34418184260985
"1318",-4.42779926451779
"1319",-9.49116914380113
"1320",-40.6486828681815
"1321",-8.38860187678506
"1322",19.7837520960501
"1323",-1.94693616842256
"1324",15.4696964473471
"1325",31.8652650701023
"1326",24.2581281418379
"1327",10.0015818064319
"1328",13.2114188173693
"1329",-29.4823223266749
"1330",-28.5584053765998
"1331",32.8538582160546
"1332",-35.2172946690677
"1333",-5.91812296269043
"1334",7.02816878235967
"1335",27.0790388754715
"1336",-10.7592643174702
"1337",12.2254096984974
"1338",12.7225765653389
"1339",12.7225765654506
"1340",4.85367500865592
"1341",24.0002059388734
"1342",-5.6944077830696
"1343",-15.6125271183272
"1344",-2.34418184261409
"1345",1.32507688026887
"1346",-35.328310950258
"1347",0.0694431789205912
"1348",4.43195950963616
"1349",0.500169878008006
"1350",0.213832003615944
"1351",0.409210047990796
"1352",9.7624937618984
"1353",-8.61764264688968
"1354",0.0196863892257469
"1355",-7.40482822637107
"1356",0.968967730726621
"1357",7.76039663391971
"1358",-0.0453850227964161
"1359",0.649478727405671
"1360",-6.09098640145989
"1361",0.558330377055142
"1362",0.0812777017886783
"1363",0.122136260344323
"1364",2.13869003967868
"1365",-2.01972544142761
"1366",2.07267752502993e-06
"1367",-3.43811266267643
"1368",-4.99986949149954
"1369",-8.17075287671519
"1370",6.8940967640108
"1371",6.89409676401023
"1372",-2.27357308581092
"1373",-1.66415703383913
"1374",-6.89409469133304
"1375",-6.92466877350897
"1376",0.500169878000725
"1377",117.628271965977
"1378",84.4514722660561
"1379",-1.38449324703046
"1380",43.6717784454921
"1381",-13.9708974294616
"1382",-45.1268882235172
"1383",38.1383694884247
"1384",6.85068254294903
"1385",35.2948765226994
"1386",-2.72969055768525
"1387",-24.635999811989
"1388",-35.123158994843
"1389",-0.689800462588873
"1390",16.1792882477112
"1391",31.6628741737234
"1392",-11.1470303346131
"1393",10.3064498139266
"1394",-14.9925646208365
"1395",-62.3194944275557
"1396",95.168401230105
"1397",-0.557968781299596
"1398",-0.517126367789072
"1399",-65.4610046155348
"1400",-4.761065403627
"1401",-10.5620189154277
"1402",15.1829260476884
"1403",15.182926047692
"1404",-26.5622624760209
"1405",-25.883769056274
"1406",-15.7000524153638
"1407",-24.5390563857125
"1408",-13.9708974294367
"1409",-21.100440112403
"1410",-40.0459243745566
"1411",0.325059108011971
"1412",-41.5569629395972
"1413",-13.9787752637136
"1414",1.45611106312026
"1415",-3.29369964073082
"1416",3.26359161263587
"1417",7.46180798729688
"1418",-14.6656462825335
"1419",30.6319610226734
"1420",-5.10219648042666
"1421",-18.3468978058626
"1422",-14.936143222261
"1423",-2.09013667421496
"1424",40.3550353983021
"1425",30.4321625225524
"1426",-31.3541421273532
"1427",89.9457208809242
"1428",-38.3009002129682
"1429",-37.25076927439
"1430",1.71440930478494
"1431",15.6106547356759
"1432",-32.9941210514135
"1433",-41.822588325484
"1434",-50.1045511675739
"1435",-50.1045511675846
"1436",13.3848173578918
"1437",-24.9657060576066
"1438",51.8189604724473
"1439",-45.4977654806457
"1440",-13.9787752637325
"1441",-73.3204053251911
"1442",-2.25847632506368
"1443",0.384232191814467
"1444",72.206060976296
"1445",-26.953209871673
"1446",-12.7449457711137
"1447",8.36072770367573
"1448",-6.18913062752983
"1449",6.57942565828961
"1450",-9.52444143223539
"1451",45.2417922683887
"1452",0.00878806886134982
"1453",-32.7559305946556
"1454",-18.6505979191224
"1455",33.2348799830282
"1456",-38.6122628955161
"1457",-8.06496670981713
"1458",16.9722094314301
"1459",-28.1267153933027
"1460",19.0628375126561
"1461",-3.01655354234917
"1462",6.93935630031008
"1463",-24.2205541775735
"1464",-32.429457741324
"1465",18.4201997939373
"1466",-1.79047590603214
"1467",-1.7904759060272
"1468",-26.4153442786358
"1469",9.46930813121779
"1470",8.72983220639434
"1471",9.65176365897785
"1472",-26.9532098717417
"1473",5.82674574013783
"1474",-79.5385424305317
"1475",0.961535678970291
"1476",-32.5013461553791
"1477",4.71443784212668
"1478",-24.6508405459386
"1479",28.9937412201769
"1480",0.262287331550327
"1481",41.8178578324978
"1482",19.0558896861847
"1483",-8.07852302107879
"1484",-22.6655282321545
"1485",47.3269552211929
"1486",-17.0935460116325
"1487",-40.2962858714798
"1488",12.1754296048605
"1489",-42.8990844593668
"1490",0.0544666115401692
"1491",38.2303325587463
"1492",25.5297729008939
"1493",-22.9756963052973
"1494",-0.0295267462273941
"1495",-5.6897209246883
"1496",30.6118442616849
"1497",33.9197852237424
"1498",-16.1995282402087
"1499",-16.1995282402331
"1500",55.4167871792133
"1501",16.2727358944009
"1502",16.1700014939182
"1503",42.6055865725333
"1504",4.71443784202991
"1505",-36.8430330841874
"1506",12.1725804605304
"1507",0.198898827241714
"1508",-12.1479097302007
"1509",-22.8378701323814
"1510",28.4892902597407
"1511",-3.75419071568554
"1512",-16.2313078162716
"1513",-4.97391327886932
"1514",-20.8356564747793
"1515",23.3315123220847
"1516",-3.88766798242551
"1517",24.0708164137591
"1518",-20.4359327207711
"1519",13.5336994587936
"1520",12.7100371167633
"1521",-14.6639616825019
"1522",-3.12778225616912
"1523",3.78972399694111
"1524",6.22893134683823
"1525",10.6896020028319
"1526",0.250673298743376
"1527",-0.186182609800695
"1528",-9.24753763716746
"1529",-57.5601195366235
"1530",-0.60037924565035
"1531",-0.600379245653802
"1532",-41.9763868809467
"1533",58.091930738468
"1534",0.851052544404594
"1535",-8.08992044816866
"1536",-22.8378701322872
"1537",2.31342213568035
"1538",31.7398825056666
"1539",-0.0255510789816612
"1540",-8.88961858031623
"1541",-0.0616270118443616
"1542",6.85882593212655
"1543",-0.182639843143801
"1544",6.27220744415939
"1545",-3.0317514479819
"1546",2.8137362731151
"1547",-14.2638707466259
"1548",-13.353805149494
"1549",3.16354244485313
"1550",30.5969481059135
"1551",-2.64817699953156
"1552",11.6929215019181
"1553",6.02229035408811
"1554",-0.502050550513294
"1555",0.551909198290841
"1556",-14.5411216476857
"1557",-10.8468168251721
"1558",-0.164034425211309
"1559",0.513519353272834
"1560",26.2834282063214
"1561",-20.7500569639248
"1562",17.4996519076421
"1563",17.4996519077289
"1564",6.40367719734733
"1565",-21.9471451269632
"1566",-17.6636863330597
"1567",-7.39768478590159
"1568",-0.0616270118460676
"1569",-76.7902154835495
"1570",-5.35251255365694
"1571",0.261505918633939
"1572",-34.855406177307
"1573",9.40690266484428
"1574",-4.60941579936054
"1575",-5.56321487317493
"1576",11.1464486030885
"1577",20.3125245351774
"1578",-24.6324884685667
"1579",-21.321640251524
"1580",-0.12549857260599
"1581",16.2079787563438
"1582",8.5200398626726
"1583",16.7198169114036
"1584",19.7854824369184
"1585",-7.96407673674733
"1586",10.0361559872744
"1587",3.8667544271754
"1588",-1.82670699925171
"1589",3.81922942379216
"1590",6.23967067212183
"1591",-24.9252039697631
"1592",9.51244462973074
"1593",15.7633241538665
"1594",18.9487059910743
"1595",18.9487059911611
"1596",-11.8590486278885
"1597",-1.29443207128224
"1598",-12.7090353190071
"1599",-4.58193719121467
"1600",9.40690266481491
"1601",41.0177329908875
"1602",-84.2268729895422
"1603",25.9362441195297
"1604",22.8105596895385
"1605",-22.6628942963278
"1606",38.8631655581716
"1607",-42.5816735340501
"1608",16.9037064563159
"1609",-30.9264909803076
"1610",47.4961598201653
"1611",24.2491573145725
"1612",36.9920830249003
"1613",-25.5145445090441
"1614",24.8049278044245
"1615",42.5979947822009
"1616",36.2428400411082
"1617",-39.1878644660883
"1618",19.9621030083016
"1619",12.946148132426
"1620",23.0266118830906
"1621",-24.1107205749372
"1622",-34.7675251516537
"1623",-44.3172651671369
"1624",-41.6753808559412
"1625",37.2010204681549
"1626",-10.5642566581385
"1627",-61.2759859705817
"1628",35.3399735189136
"1629",38.9000984314724
"1630",25.0397330911581
"1631",-45.6808002068605
"1632",25.2791900294492
"1633",53.0092093323561
"1634",-23.0495081962567
"1635",17.2145956312221
"1636",35.6741930249527
"1637",24.4428004175436
"1638",31.6174564991934
"1639",-82.0592628260734
"1640",40.9130753605938
"1641",-32.0556106981454
"1642",-22.5475672593622
"1643",-33.6454465993024
"1644",-30.3601402779483
"1645",-43.8429429449515
"1646",-21.1386270448363
"1647",15.3009924850761
"1648",-31.6526824257041
"1649",-9.20873899348924
"1650",-38.0231079709909
"1651",34.5554923242987
